feature,importance
tool_wear_anomaly,0.21286647757849092
tool_wear,0.21280279257207438
vibration,0.07710829678437398
vibration_deviation,0.06965569664015428
vibration_anomaly,0.06189786560338543
rolling_5run_defect_rate,0.05680681359371559
temperature,0.05616041409409877
shift_encoded,0.0507840007464828
temperature_deviation,0.04607310667483089
temp_anomaly,0.04223888318857025
machine_age_years,0.022879576597973825
material_MAT09,0.022320593537058037
material_MAT03,0.02109687430492297
prev_defect_rate,0.013346769512283982
motor_current,0.0060411073211364495
cycle_time,0.0058555597547500305
pressure,0.005836599270374766
rpm,0.0058357605689085025
humidity,0.005579335160183522
material_MAT07,0.0009041940524800468
material_MAT01,0.0007248980597601828
material_MAT08,0.000610228274098702
material_MAT02,0.0005371027578120612
material_MAT04,0.0005306501295575292
material_MAT10,0.0005137282024452442
material_MAT05,0.0004975581610379877
material_MAT06,0.0004951168590388644
