machine_id,shift_id,material_id,total_production,defect_pct,risk_flag
M07,Night,MAT09,34231.0,11.273407145569806,High Risk
M07,Night,MAT03,37128.0,11.010558069381599,High Risk
M14,Night,MAT09,40774.0,10.852504046696424,High Risk
M07,Night,MAT05,35436.0,10.133762275651879,High Risk
M07,Night,MAT01,34945.0,9.929889826870797,High Risk
M07,Night,MAT06,32682.0,9.929012912306469,High Risk
M07,Night,MAT10,38106.0,9.840969925995905,High Risk
M07,Night,MAT02,36760.0,9.793253536452665,High Risk
M14,Night,MAT03,30835.0,9.758391438300633,High Risk
M07,Night,MAT08,36681.0,9.694392192143072,High Risk
M07,Night,MAT04,36470.0,9.495475733479571,High Risk
M14,Night,MAT04,38724.0,9.479909100299556,High Risk
M07,Night,MAT07,31783.0,9.407544913947707,High Risk
M14,Night,MAT05,31852.0,9.406002762777847,High Risk
M18,Night,MAT03,38580.0,9.331259720062208,High Risk
M18,Night,MAT09,36162.0,9.330236159504453,High Risk
M14,Night,MAT10,32895.0,9.07736738106095,High Risk
M14,Night,MAT06,37101.0,8.986280693242769,High Risk
M14,Night,MAT08,30483.0,8.870517993635797,High Risk
M14,Night,MAT01,40988.0,8.812335317653949,High Risk
M14,Night,MAT02,30496.0,8.722455403987409,High Risk
M14,Night,MAT07,33995.0,8.571848801294308,High Risk
M18,Night,MAT07,31580.0,8.293223559214692,High Risk
M07,Morning,MAT03,34879.0,8.234181025832163,High Risk
M18,Night,MAT04,36256.0,8.175198587819947,High Risk
M12,Night,MAT03,36781.0,8.1210407547375,High Risk
M11,Night,MAT03,33705.0,8.111556148939327,High Risk
M18,Night,MAT06,39897.0,8.073288718450009,High Risk
M07,Evening,MAT03,36419.0,7.940909964578928,High Risk
M11,Night,MAT09,37949.0,7.9264275738491135,High Risk
M02,Night,MAT03,35864.0,7.896497880883337,High Risk
M07,Evening,MAT09,31810.0,7.878025778057214,High Risk
M14,Morning,MAT09,33735.0,7.843485993775011,High Risk
M18,Night,MAT02,33074.0,7.830924593336156,High Risk
M01,Night,MAT03,29135.0,7.811910073794405,High Risk
M18,Night,MAT01,38331.0,7.732644595758003,High Risk
M07,Morning,MAT09,34442.0,7.6331223506184305,Elevated Risk
M18,Night,MAT05,36384.0,7.588500439753738,Elevated Risk
M14,Morning,MAT03,33417.0,7.529101954095221,Elevated Risk
M18,Night,MAT10,38216.0,7.4837764287209545,Elevated Risk
M02,Night,MAT09,34391.0,7.437992498037277,Elevated Risk
M17,Night,MAT03,37673.0,7.424415363788389,Elevated Risk
M18,Night,MAT08,36116.0,7.387307564514342,Elevated Risk
M17,Night,MAT09,35187.0,7.349305141103249,Elevated Risk
M09,Night,MAT03,39796.0,7.347472107749523,Elevated Risk
M06,Night,MAT03,36594.0,7.274416571022573,Elevated Risk
M13,Night,MAT03,40318.0,7.230021330423137,Elevated Risk
M12,Night,MAT09,34277.0,7.229337456603553,Elevated Risk
M13,Night,MAT09,39562.0,7.229159294272282,Elevated Risk
M14,Evening,MAT03,31723.0,7.190366610976263,Elevated Risk
M07,Morning,MAT10,40190.0,7.123662602637472,Elevated Risk
M09,Night,MAT09,39128.0,7.11510938458393,Elevated Risk
M14,Evening,MAT09,33353.0,7.114802266662669,Elevated Risk
M12,Morning,MAT09,39854.0,7.050735183419481,Elevated Risk
M06,Night,MAT09,32927.0,7.036778327816077,Elevated Risk
M07,Morning,MAT07,35565.0,7.032194573316462,Elevated Risk
M17,Evening,MAT09,30949.0,7.030921839154739,Elevated Risk
M17,Evening,MAT03,38434.0,6.98600197741583,Elevated Risk
M17,Night,MAT08,31720.0,6.960907944514502,Elevated Risk
M01,Night,MAT09,34489.0,6.950042042390327,Elevated Risk
M13,Morning,MAT09,34930.0,6.913827655310621,Elevated Risk
M02,Morning,MAT03,36355.0,6.895887773346169,Elevated Risk
M07,Morning,MAT04,35450.0,6.891396332863188,Elevated Risk
M07,Evening,MAT05,42231.0,6.862257583291894,Elevated Risk
M12,Evening,MAT09,28121.0,6.856086198926069,Elevated Risk
M07,Evening,MAT08,32646.0,6.766525761195859,Elevated Risk
M19,Night,MAT09,33131.0,6.721801334097975,Elevated Risk
M07,Evening,MAT06,40258.0,6.704257538874262,Elevated Risk
M18,Evening,MAT09,35959.0,6.66870602630774,Elevated Risk
M11,Night,MAT08,36955.0,6.659450683263428,Elevated Risk
M07,Morning,MAT06,36193.0,6.6145387229574775,Elevated Risk
M17,Morning,MAT09,31861.0,6.613100655974388,Elevated Risk
M12,Evening,MAT03,41668.0,6.611788422770472,Elevated Risk
M07,Morning,MAT02,32638.0,6.584349531221275,Elevated Risk
M12,Night,MAT06,30084.0,6.561627443159154,Elevated Risk
M02,Night,MAT05,32342.0,6.533300352482839,Elevated Risk
M12,Morning,MAT03,35561.0,6.532437220550603,Elevated Risk
M07,Morning,MAT08,33197.0,6.527698285989699,Elevated Risk
M02,Evening,MAT03,36011.0,6.523006859015301,Elevated Risk
M17,Night,MAT05,34401.0,6.520159297694835,Elevated Risk
M11,Night,MAT05,31078.0,6.496557050003219,Elevated Risk
M07,Evening,MAT01,27788.0,6.492010939974089,Elevated Risk
M17,Morning,MAT03,36219.0,6.488307242055274,Elevated Risk
M13,Morning,MAT03,34971.0,6.485373595264648,Elevated Risk
M19,Night,MAT03,36122.0,6.472509827805769,Elevated Risk
M07,Morning,MAT05,38226.0,6.456338617694763,Elevated Risk
M18,Morning,MAT03,33456.0,6.438307030129124,Elevated Risk
M07,Evening,MAT04,34304.0,6.430736940298508,Elevated Risk
M14,Morning,MAT01,33841.0,6.421205047132177,Elevated Risk
M02,Morning,MAT09,39522.0,6.416679317848287,Elevated Risk
M04,Night,MAT09,36322.0,6.398326083365453,Elevated Risk
M02,Evening,MAT09,28481.0,6.362136160949405,Elevated Risk
M04,Night,MAT03,34383.0,6.354884681383241,Elevated Risk
M09,Morning,MAT03,32108.0,6.344213280179395,Elevated Risk
M12,Night,MAT05,34632.0,6.343843843843844,Elevated Risk
M09,Morning,MAT09,34871.0,6.343379885865046,Elevated Risk
M11,Morning,MAT09,34534.0,6.329993629466612,Elevated Risk
M06,Evening,MAT03,37277.0,6.328298951095849,Elevated Risk
M05,Night,MAT09,36915.0,6.325342001896248,Elevated Risk
M07,Morning,MAT01,28542.0,6.320510125429192,Elevated Risk
M07,Evening,MAT10,38053.0,6.312248705752503,Elevated Risk
M11,Evening,MAT03,32539.0,6.309351854697439,Elevated Risk
M14,Evening,MAT06,34679.0,6.248738429597163,Elevated Risk
M12,Night,MAT02,41125.0,6.237082066869301,Elevated Risk
M12,Night,MAT10,30699.0,6.228215902798137,Elevated Risk
M02,Night,MAT06,35132.0,6.227940339291814,Elevated Risk
M18,Morning,MAT09,35790.0,6.222408493992735,Elevated Risk
M13,Night,MAT02,34732.0,6.216169526661292,Elevated Risk
M13,Evening,MAT09,30164.0,6.216019095610662,Elevated Risk
M06,Morning,MAT09,37667.0,6.214989247882762,Elevated Risk
M11,Night,MAT04,28447.0,6.208035996765916,Elevated Risk
M14,Morning,MAT10,35174.0,6.20628873599818,Elevated Risk
M12,Night,MAT07,36840.0,6.202497285559175,Elevated Risk
M09,Night,MAT05,32296.0,6.198910081743869,Elevated Risk
M11,Morning,MAT03,26484.0,6.1810904697175655,Elevated Risk
M17,Night,MAT07,36038.0,6.179588212442422,Elevated Risk
M03,Night,MAT03,34983.0,6.177286110396478,Elevated Risk
M15,Night,MAT03,34509.0,6.175200672288388,Elevated Risk
M01,Morning,MAT03,39773.0,6.172529102657582,Elevated Risk
M18,Evening,MAT03,34625.0,6.1689530685920575,Elevated Risk
M05,Night,MAT03,32237.0,6.163724912367776,Elevated Risk
M17,Night,MAT04,35266.0,6.147564226166846,Elevated Risk
M17,Night,MAT01,30687.0,6.132890148922996,Normal
M14,Evening,MAT10,37172.0,6.128268589260734,Normal
M02,Night,MAT04,32889.0,6.117546900179391,Normal
M02,Night,MAT08,35048.0,6.114471581830632,Normal
M12,Night,MAT08,33774.0,6.09048380410967,Normal
M02,Night,MAT10,38773.0,6.08928893817863,Normal
M09,Evening,MAT03,42573.0,6.088365865689521,Normal
M11,Evening,MAT09,33975.0,6.077998528329654,Normal
M14,Morning,MAT04,33110.0,6.076713983690728,Normal
M14,Morning,MAT02,33194.0,6.06736157136832,Normal
M15,Night,MAT09,37217.0,6.061745976301153,Normal
M09,Evening,MAT09,31072.0,6.050463439752832,Normal
M17,Night,MAT02,40964.0,6.049213943950786,Normal
M09,Night,MAT10,40895.0,6.0471940335004275,Normal
M12,Night,MAT04,38613.0,6.044596379457696,Normal
M11,Night,MAT06,36225.0,6.042788129744651,Normal
M13,Night,MAT04,38649.0,6.041553468395042,Normal
M14,Morning,MAT07,31126.0,6.033541091049283,Normal
M11,Night,MAT10,40850.0,6.026927784577723,Normal
M11,Night,MAT02,35211.0,6.009485672091108,Normal
M01,Evening,MAT09,42131.0,6.007452944387743,Normal
M13,Evening,MAT03,33165.0,5.997286295793758,Normal
M14,Evening,MAT04,39042.0,5.973054659085088,Normal
M11,Night,MAT01,43190.0,5.952766844176892,Normal
M17,Night,MAT06,34454.0,5.94705984791316,Normal
M14,Evening,MAT05,35298.0,5.946512550286135,Normal
M17,Night,MAT10,32747.0,5.94252908663389,Normal
M07,Evening,MAT07,32519.0,5.931916725606568,Normal
M02,Night,MAT07,37206.0,5.9184002580229,Normal
M03,Night,MAT09,36871.0,5.917930080551111,Normal
M13,Night,MAT06,35003.0,5.908065022998029,Normal
M14,Evening,MAT07,33257.0,5.902516763388159,Normal
M01,Night,MAT04,27806.0,5.8836222398043585,Normal
M07,Evening,MAT02,33200.0,5.876506024096385,Normal
M12,Night,MAT01,33965.0,5.867805093478581,Normal
M09,Night,MAT04,35175.0,5.859275053304904,Normal
M14,Evening,MAT08,39692.0,5.8450065504383755,Normal
M02,Night,MAT01,38165.0,5.835189309576838,Normal
M14,Evening,MAT01,38325.0,5.821265492498369,Normal
M01,Night,MAT08,36406.0,5.8149755534801955,Normal
M17,Morning,MAT10,32047.0,5.803975411114925,Normal
M10,Night,MAT03,37384.0,5.793922533704259,Normal
M06,Evening,MAT09,29677.0,5.785625231660882,Normal
M17,Evening,MAT02,33857.0,5.783146764332339,Normal
M01,Morning,MAT09,29722.0,5.780230132561739,Normal
M19,Evening,MAT09,37767.0,5.753700320385522,Normal
M06,Morning,MAT03,34924.0,5.746764402703012,Normal
M13,Night,MAT05,35132.0,5.726972560628487,Normal
M13,Night,MAT01,36148.0,5.720925085758548,Normal
M14,Morning,MAT08,42530.0,5.720667763931343,Normal
M04,Morning,MAT03,37240.0,5.700859291084855,Normal
M09,Night,MAT06,39430.0,5.691098148617804,Normal
M02,Night,MAT02,32352.0,5.668892185954501,Normal
M15,Evening,MAT09,34453.0,5.6685919948915915,Normal
M09,Night,MAT01,38838.0,5.664555332406406,Normal
M01,Evening,MAT03,33461.0,5.663309524521084,Normal
M06,Night,MAT08,32106.0,5.662492991964118,Normal
M11,Night,MAT07,36670.0,5.661303517862012,Normal
M15,Morning,MAT09,34293.0,5.639634910914764,Normal
M01,Night,MAT10,30036.0,5.61659342122786,Normal
M14,Morning,MAT05,29972.0,5.608567996797011,Normal
M13,Night,MAT08,34640.0,5.606235565819862,Normal
M06,Night,MAT05,41454.0,5.601389491967,Normal
M15,Evening,MAT03,35873.0,5.591949376968751,Normal
M09,Night,MAT02,36789.0,5.591345239066025,Normal
M14,Morning,MAT06,35368.0,5.575661615019226,Normal
M06,Night,MAT07,38947.0,5.533160448815056,Normal
M02,Evening,MAT05,36782.0,5.529878745038333,Normal
M14,Evening,MAT02,38986.0,5.514800184681681,Normal
M13,Night,MAT07,38733.0,5.499186739989156,Normal
M08,Night,MAT03,31916.0,5.4956761498934705,Normal
M12,Evening,MAT06,34382.0,5.494153917747659,Normal
M01,Night,MAT02,36016.0,5.480897378942692,Normal
M05,Morning,MAT09,27444.0,5.480250692318904,Normal
M16,Night,MAT09,34701.0,5.466701247802657,Normal
M20,Night,MAT09,31044.0,5.459992269037495,Normal
M11,Evening,MAT04,32289.0,5.4569667688686545,Normal
M02,Morning,MAT04,40284.0,5.45626055009433,Normal
M05,Evening,MAT09,34961.0,5.448928806384257,Normal
M06,Night,MAT01,35110.0,5.434349188265451,Normal
M09,Night,MAT08,36085.0,5.431619786614937,Normal
M12,Evening,MAT08,33976.0,5.430303743819167,Normal
M19,Evening,MAT03,39448.0,5.424863110930846,Normal
M05,Morning,MAT03,31551.0,5.416627048271053,Normal
M17,Evening,MAT01,28200.0,5.407801418439717,Normal
M08,Night,MAT09,29945.0,5.40657872766739,Normal
M04,Evening,MAT03,31799.0,5.405830372024278,Normal
M01,Night,MAT05,37139.0,5.404022725436873,Normal
M06,Night,MAT10,37358.0,5.393757695808127,Normal
M05,Evening,MAT03,34900.0,5.386819484240688,Normal
M01,Night,MAT01,33374.0,5.372445616348055,Normal
M02,Morning,MAT02,37678.0,5.3691809544031,Normal
M10,Night,MAT09,39844.0,5.365927115751431,Normal
M02,Evening,MAT08,36693.0,5.363420815959447,Normal
M17,Evening,MAT08,34475.0,5.363306744017404,Normal
M11,Evening,MAT06,37292.0,5.349672852086238,Normal
M05,Night,MAT10,32246.0,5.349500713266762,Normal
M06,Night,MAT06,27103.0,5.346271630446814,Normal
M02,Morning,MAT08,37350.0,5.3440428380187415,Normal
M02,Evening,MAT04,33557.0,5.340167476234467,Normal
M09,Night,MAT07,36238.0,5.334179590485126,Normal
M02,Evening,MAT02,33753.0,5.312120404112227,Normal
M01,Night,MAT07,34114.0,5.311602274725919,Normal
M19,Morning,MAT03,32786.0,5.304093210516684,Normal
M17,Morning,MAT01,32537.0,5.2985831514890736,Normal
M11,Morning,MAT07,33530.0,5.29674917983895,Normal
M17,Evening,MAT10,34950.0,5.290414878397711,Normal
M13,Night,MAT10,39390.0,5.2805280528052805,Normal
M04,Evening,MAT09,36984.0,5.248215444516548,Normal
M03,Morning,MAT09,37513.0,5.23285261109482,Normal
M19,Morning,MAT09,32721.0,5.229057791632285,Normal
M12,Morning,MAT05,31889.0,5.21496440778952,Normal
M15,Morning,MAT03,40796.0,5.213746445729973,Normal
M12,Morning,MAT06,38401.0,5.210801802036405,Normal
M18,Evening,MAT08,33823.0,5.203559707891079,Normal
M15,Night,MAT01,40847.0,5.197444120743262,Normal
M02,Evening,MAT07,27367.0,5.196039025103227,Normal
M11,Evening,MAT08,41039.0,5.1901849460269505,Normal
M15,Night,MAT04,42393.0,5.184818248295709,Normal
M09,Morning,MAT10,28935.0,5.1840331778123385,Normal
M02,Evening,MAT01,34791.0,5.170877525796901,Normal
M17,Evening,MAT04,37824.0,5.163388324873097,Normal
M12,Evening,MAT10,34649.0,5.1632081733960575,Normal
M09,Evening,MAT06,32274.0,5.155853008613745,Normal
M12,Evening,MAT04,37532.0,5.155600554193755,Normal
M02,Morning,MAT10,33511.0,5.150547581391185,Normal
M13,Morning,MAT10,29244.0,5.13267678840104,Normal
M19,Night,MAT05,38309.0,5.129342974235819,Normal
M03,Evening,MAT09,36099.0,5.127565860550154,Normal
M11,Evening,MAT02,33000.0,5.127272727272728,Normal
M17,Morning,MAT06,38809.0,5.117369682290191,Normal
M11,Morning,MAT04,29715.0,5.108531044926805,Normal
M11,Evening,MAT05,34385.0,5.089428529882216,Normal
M11,Evening,MAT01,29675.0,5.088458298230834,Normal
M11,Morning,MAT05,37146.0,5.079954773057664,Normal
M18,Evening,MAT06,40816.0,5.076440611524892,Normal
M04,Night,MAT10,40230.0,5.073328361918966,Normal
M16,Night,MAT03,31477.0,5.067191917908314,Normal
M20,Night,MAT03,32676.0,5.0648794222059,Normal
M09,Evening,MAT08,29280.0,5.061475409836066,Normal
M11,Evening,MAT07,39013.0,5.0572885961089895,Normal
M02,Morning,MAT01,42185.0,5.053929121725732,Normal
M17,Morning,MAT04,34828.0,5.050534053060756,Normal
M09,Morning,MAT07,39068.0,5.0476092966110375,Normal
M03,Morning,MAT03,34938.0,5.037494991127139,Normal
M17,Evening,MAT06,32505.0,5.033071835102292,Normal
M11,Morning,MAT02,34524.0,5.02838605028386,Normal
M04,Night,MAT02,30276.0,5.02708415906989,Normal
M02,Evening,MAT06,36529.0,5.026143611924772,Normal
M17,Evening,MAT05,39983.0,5.024635470074782,Normal
M04,Night,MAT08,32805.0,5.02362444749276,Normal
M15,Night,MAT06,32968.0,5.020019412763892,Normal
M01,Night,MAT06,34370.0,5.018911841722432,Normal
M12,Evening,MAT05,32873.0,5.0162747543576796,Normal
M06,Night,MAT02,36575.0,5.014354066985646,Normal
M18,Evening,MAT07,33112.0,5.010268180719981,Normal
M19,Night,MAT10,35462.0,4.999718008008572,Normal
M09,Morning,MAT06,33315.0,4.997748761819,Normal
M12,Morning,MAT10,27026.0,4.991489676607711,Normal
M15,Night,MAT10,33980.0,4.9823425544437905,Normal
M18,Morning,MAT07,35139.0,4.9802214064145245,Normal
M04,Night,MAT05,40292.0,4.973692048049241,Normal
M15,Night,MAT05,35207.0,4.973442781265089,Normal
M19,Night,MAT04,30609.0,4.972393740403149,Normal
M13,Morning,MAT01,34069.0,4.972262173823711,Normal
M11,Morning,MAT06,35866.0,4.971281994089109,Normal
M03,Evening,MAT03,35325.0,4.970983722576079,Normal
M13,Morning,MAT02,36512.0,4.9709684487291845,Normal
M17,Morning,MAT08,35215.0,4.969473235837001,Normal
M12,Morning,MAT04,33296.0,4.967563671311869,Normal
M11,Morning,MAT01,38348.0,4.957233754041932,Normal
M19,Night,MAT08,44403.0,4.956872283404275,Normal
M09,Evening,MAT10,39058.0,4.956731015412975,Normal
M17,Morning,MAT07,44397.0,4.95528977183143,Normal
M05,Night,MAT01,34661.0,4.945039092928652,Normal
M11,Morning,MAT10,38286.0,4.939142245207125,Normal
M18,Evening,MAT10,31071.0,4.93386115670561,Normal
M18,Evening,MAT02,39086.0,4.932712480171928,Normal
M09,Evening,MAT05,39690.0,4.930713025951121,Normal
M06,Night,MAT04,38129.0,4.9306302289595845,Normal
M12,Morning,MAT02,31120.0,4.929305912596401,Normal
M12,Morning,MAT01,34357.0,4.924760601915184,Normal
M12,Morning,MAT08,29028.0,4.919388176932617,Normal
M02,Morning,MAT07,36486.0,4.916954448281532,Normal
M04,Night,MAT01,31148.0,4.9120328753049955,Normal
M11,Morning,MAT08,36906.0,4.907061182463556,Normal
M18,Morning,MAT01,38627.0,4.903305977684004,Normal
M18,Morning,MAT10,33942.0,4.893642095339108,Normal
M18,Morning,MAT05,37296.0,4.893286143286144,Normal
M15,Night,MAT08,39569.0,4.892719047739392,Normal
M12,Evening,MAT07,32840.0,4.890377588306943,Normal
M11,Evening,MAT10,37615.0,4.889007045061811,Normal
M09,Evening,MAT01,42485.0,4.886430504884077,Normal
M13,Morning,MAT08,33372.0,4.884334172360062,Normal
M13,Evening,MAT01,34919.0,4.879864830035224,Normal
M02,Morning,MAT06,33711.0,4.873780071786657,Normal
M13,Evening,MAT04,35048.0,4.861903674960055,Normal
M15,Night,MAT02,32962.0,4.86014198167587,Normal
M06,Evening,MAT06,32699.0,4.853359429951986,Normal
M12,Morning,MAT07,32010.0,4.848484848484849,Normal
M12,Evening,MAT02,42292.0,4.844887922065639,Normal
M18,Morning,MAT08,30794.0,4.841852308891342,Normal
M09,Evening,MAT02,29826.0,4.841413531817877,Normal
M18,Morning,MAT02,36044.0,4.835756297858174,Normal
M10,Morning,MAT03,35105.0,4.822674832644922,Normal
M05,Night,MAT07,32097.0,4.819765087079789,Normal
M03,Night,MAT08,32327.0,4.819500726946515,Normal
M02,Evening,MAT10,34097.0,4.818605742440684,Normal
M19,Night,MAT06,40134.0,4.81387352369562,Normal
M17,Morning,MAT05,36236.0,4.8018545093277405,Normal
M01,Evening,MAT07,34056.0,4.800916138125441,Normal
M20,Evening,MAT09,34982.0,4.796752615630896,Normal
M04,Morning,MAT09,37967.0,4.796270445386783,Normal
M05,Night,MAT08,38135.0,4.790874524714829,Normal
M03,Night,MAT04,37812.0,4.784195493494129,Normal
M20,Morning,MAT09,34205.0,4.771232275983044,Normal
M10,Evening,MAT09,35438.0,4.763248490321124,Normal
M03,Night,MAT02,33804.0,4.759791740622411,Normal
M04,Night,MAT06,36417.0,4.7422906884147515,Normal
M17,Evening,MAT07,36828.0,4.740957966764419,Normal
M09,Morning,MAT08,32325.0,4.739365815931941,Normal
M04,Night,MAT04,36504.0,4.736467236467236,Normal
M18,Evening,MAT01,31786.0,4.734788900773926,Normal
M13,Evening,MAT07,34173.0,4.728879524771018,Normal
M05,Night,MAT05,36920.0,4.723726977248104,Normal
M13,Morning,MAT07,38370.0,4.72243940578577,Normal
M02,Morning,MAT05,32971.0,4.719298777713749,Normal
M03,Night,MAT06,37696.0,4.714028013582343,Normal
M18,Evening,MAT04,34405.0,4.708617933439907,Normal
M09,Morning,MAT02,34783.0,4.706322053876894,Normal
M19,Night,MAT01,32032.0,4.704670329670329,Normal
M19,Night,MAT07,36203.0,4.704030052758059,Normal
M18,Morning,MAT06,36203.0,4.701267850730603,Normal
M17,Morning,MAT02,32510.0,4.6970163026761,Normal
M03,Night,MAT07,42211.0,4.693089479045747,Normal
M01,Morning,MAT02,35097.0,4.687010285779411,Normal
M13,Evening,MAT05,39234.0,4.674517000560738,Normal
M13,Evening,MAT08,35627.0,4.673421842984253,Normal
M01,Evening,MAT04,32262.0,4.646333147356022,Normal
M01,Evening,MAT08,34211.0,4.635935810119552,Normal
M18,Evening,MAT05,29070.0,4.633642930856554,Normal
M06,Morning,MAT04,38086.0,4.626371895184582,Normal
M03,Night,MAT01,32972.0,4.625136479437098,Normal
M03,Night,MAT10,35469.0,4.623755955905157,Normal
M04,Night,MAT07,36402.0,4.620625240371408,Normal
M01,Morning,MAT01,33617.0,4.619686468155992,Normal
M09,Evening,MAT04,30218.0,4.61645376927659,Normal
M08,Evening,MAT03,29073.0,4.605647851958862,Normal
M05,Night,MAT04,32181.0,4.59898697989497,Normal
M16,Morning,MAT09,27535.0,4.579625930633739,Normal
M10,Evening,MAT03,38504.0,4.576147932682319,Normal
M01,Morning,MAT08,33011.0,4.562115658416891,Normal
M01,Morning,MAT05,38086.0,4.552854067111275,Normal
M13,Evening,MAT02,31633.0,4.549046881421301,Normal
M01,Evening,MAT10,39181.0,4.543018299686072,Normal
M01,Morning,MAT10,34906.0,4.535036956397181,Normal
M01,Evening,MAT06,38268.0,4.533814152816975,Normal
M15,Night,MAT07,35904.0,4.5259581105169335,Normal
M06,Morning,MAT08,36150.0,4.520055325034578,Normal
M12,Evening,MAT01,31993.0,4.519738692839058,Normal
M01,Morning,MAT07,31981.0,4.512054032081549,Normal
M01,Evening,MAT05,40702.0,4.508377966684684,Normal
M13,Morning,MAT06,36244.0,4.508332413640879,Normal
M10,Night,MAT07,30880.0,4.504533678756477,Normal
M20,Evening,MAT03,40572.0,4.503105590062112,Normal
M19,Night,MAT02,37586.0,4.501676156015537,Normal
M01,Morning,MAT06,36077.0,4.479308146464507,Normal
M03,Night,MAT05,42473.0,4.478139053045465,Normal
M06,Morning,MAT07,35400.0,4.477401129943503,Normal
M19,Evening,MAT04,37167.0,4.471708773912342,Normal
M09,Morning,MAT05,35644.0,4.466389855235103,Normal
M08,Evening,MAT09,38317.0,4.46277109377039,Normal
M18,Morning,MAT04,39667.0,4.454584415257014,Normal
M05,Night,MAT02,25357.0,4.448475766060654,Normal
M06,Evening,MAT02,36138.0,4.446842658697216,Normal
M01,Evening,MAT02,32260.0,4.445133292002479,Normal
M10,Morning,MAT09,31439.0,4.4403447946817645,Normal
M06,Morning,MAT10,33527.0,4.438213976794822,Normal
M09,Morning,MAT01,36948.0,4.417018512504059,Normal
M06,Morning,MAT01,35201.0,4.408965654384819,Normal
M13,Morning,MAT05,37227.0,4.405404679399361,Normal
M19,Morning,MAT08,34034.0,4.404419110301464,Normal
M06,Evening,MAT10,40067.0,4.400129782614122,Normal
M09,Evening,MAT07,37909.0,4.392096863541639,Normal
M13,Evening,MAT10,35496.0,4.386409736308316,Normal
M05,Night,MAT06,33082.0,4.377002599600992,Normal
M13,Evening,MAT06,33949.0,4.3742083713806,Normal
M19,Morning,MAT05,33918.0,4.369361401026004,Normal
M16,Morning,MAT03,32776.0,4.36599951183793,Normal
M09,Morning,MAT04,37102.0,4.34747452967495,Normal
M06,Evening,MAT08,34122.0,4.340308305492058,Normal
M06,Evening,MAT07,32152.0,4.338765862154765,Normal
M08,Morning,MAT09,32365.0,4.338019465471961,Normal
M06,Evening,MAT05,41576.0,4.322205118337502,Normal
M01,Evening,MAT01,35655.0,4.313560510447342,Normal
M06,Morning,MAT06,32927.0,4.300422145959243,Normal
M16,Evening,MAT09,31559.0,4.287208086441269,Normal
M10,Night,MAT05,29474.0,4.28173983850173,Normal
M15,Morning,MAT01,37534.0,4.257473224276656,Normal
M05,Morning,MAT04,30679.0,4.253724045764203,Normal
M10,Night,MAT02,28221.0,4.252152652280216,Normal
M06,Evening,MAT04,36211.0,4.247328159951396,Normal
M05,Morning,MAT05,32143.0,4.240425598108453,Normal
M20,Morning,MAT03,40223.0,4.226437610322453,Normal
M16,Night,MAT02,31203.0,4.220748004999519,Normal
M10,Night,MAT10,33410.0,4.220293325351691,Normal
M15,Morning,MAT04,40597.0,4.219523610118974,Normal
M08,Night,MAT02,32380.0,4.218653489808523,Normal
M04,Morning,MAT06,36044.0,4.214293641105316,Normal
M19,Morning,MAT04,27248.0,4.213153258954786,Normal
M19,Morning,MAT06,37156.0,4.20120572720422,Normal
M19,Evening,MAT06,33584.0,4.195450214387804,Normal
M05,Evening,MAT10,41522.0,4.192957950002409,Normal
M19,Evening,MAT08,36680.0,4.187568157033806,Normal
M06,Morning,MAT02,37867.0,4.172498481527452,Normal
M20,Night,MAT08,34706.0,4.163545208321328,Normal
M16,Evening,MAT03,33207.0,4.161773120125275,Normal
M13,Morning,MAT04,35211.0,4.160631620800318,Normal
M15,Evening,MAT07,34143.0,4.153120698239756,Normal
M19,Evening,MAT10,40665.0,4.148530677486782,Normal
M04,Evening,MAT06,32394.0,4.142742483175897,Normal
M08,Morning,MAT03,30837.0,4.1411291630184515,Normal
M05,Evening,MAT05,24969.0,4.137130041251152,Normal
M01,Morning,MAT04,37799.0,4.135030027249398,Normal
M10,Night,MAT06,30714.0,4.1349221853226545,Normal
M05,Evening,MAT06,36304.0,4.126267078007933,Normal
M20,Night,MAT01,35898.0,4.120006685609226,Normal
M16,Night,MAT06,36676.0,4.11986039917112,Normal
M06,Evening,MAT01,35575.0,4.11243851018974,Normal
M05,Morning,MAT06,36502.0,4.106624294559202,Normal
M16,Night,MAT04,36023.0,4.105710240679565,Normal
M10,Night,MAT01,32300.0,4.102167182662539,Normal
M08,Night,MAT06,36781.0,4.099942905304369,Normal
M15,Morning,MAT08,35869.0,4.081518860297193,Normal
M19,Evening,MAT07,31445.0,4.080139926856416,Normal
M15,Evening,MAT05,34069.0,4.079955384660542,Normal
M06,Morning,MAT05,35315.0,4.049270848081552,Normal
M16,Night,MAT10,31758.0,4.03677813464324,Normal
M04,Morning,MAT02,34686.0,4.033327567318226,Normal
M15,Evening,MAT04,38195.0,4.016232491163764,Normal
M19,Morning,MAT07,35114.0,3.9955573275616567,Normal
M20,Night,MAT04,36250.0,3.9917241379310346,Normal
M15,Morning,MAT02,30188.0,3.9883397376440968,Normal
M10,Night,MAT04,34507.0,3.9818007940417885,Normal
M19,Morning,MAT01,37583.0,3.9752015538940477,Normal
M20,Night,MAT06,34292.0,3.96593957774408,Normal
M05,Morning,MAT10,30895.0,3.945622268975563,Normal
M04,Morning,MAT04,37235.0,3.9264133208003225,Normal
M04,Morning,MAT07,37052.0,3.9188167980136024,Normal
M19,Evening,MAT01,35842.0,3.917192120975392,Normal
M04,Morning,MAT10,33145.0,3.9161261125358275,Normal
M08,Night,MAT05,32189.0,3.9143806890552675,Normal
M05,Evening,MAT01,27669.0,3.9141277241678414,Normal
M15,Morning,MAT10,38632.0,3.913853799958584,Normal
M04,Evening,MAT04,31435.0,3.887386670908223,Normal
M05,Morning,MAT08,38784.0,3.8830445544554455,Normal
M16,Night,MAT08,33386.0,3.881866650691907,Normal
M05,Evening,MAT02,35146.0,3.878108461844876,Normal
M08,Night,MAT07,36801.0,3.8776120214124616,Normal
M20,Night,MAT10,34288.0,3.8701586560895938,Normal
M16,Night,MAT07,34796.0,3.868260719622945,Normal
M19,Evening,MAT05,34082.0,3.86714394695147,Normal
M20,Night,MAT05,33980.0,3.8522660388463805,Normal
M15,Evening,MAT02,40474.0,3.8444433463458023,Normal
M20,Night,MAT07,35753.0,3.8346432467205553,Normal
M15,Morning,MAT07,31454.0,3.830991288866281,Normal
M15,Evening,MAT06,34566.0,3.8303535265868196,Normal
M20,Night,MAT02,37647.0,3.830318484872633,Normal
M10,Night,MAT08,29702.0,3.8280250488182612,Normal
M19,Morning,MAT10,38626.0,3.823849220732149,Normal
M04,Evening,MAT05,28922.0,3.813705829472374,Normal
M05,Morning,MAT02,37288.0,3.8135593220338984,Normal
M05,Morning,MAT01,35980.0,3.807670928293496,Normal
M04,Morning,MAT01,37218.0,3.8019238003116773,Normal
M08,Night,MAT08,35299.0,3.8018074166406977,Normal
M16,Night,MAT05,34344.0,3.7997903563941304,Normal
M15,Morning,MAT05,38271.0,3.793995453476523,Normal
M04,Evening,MAT10,36262.0,3.791848215763058,Normal
M05,Evening,MAT08,35670.0,3.7874964956546116,Normal
M15,Morning,MAT06,38408.0,3.746615288481566,Normal
M08,Night,MAT04,33216.0,3.742172447013487,Normal
M04,Evening,MAT08,33725.0,3.7390659747961457,Normal
M04,Morning,MAT05,37565.0,3.721549314521496,Normal
M03,Morning,MAT04,32609.0,3.71983194823515,Normal
M08,Night,MAT01,32131.0,3.709812953222744,Normal
M19,Evening,MAT02,34675.0,3.70872386445566,Normal
M19,Morning,MAT02,33261.0,3.7070442861008392,Normal
M03,Evening,MAT08,34407.0,3.7027349085941816,Normal
M04,Evening,MAT01,37761.0,3.68899128730701,Normal
M15,Evening,MAT01,32237.0,3.663492260446071,Normal
M03,Evening,MAT04,36498.0,3.6495150419201052,Normal
M05,Evening,MAT04,31293.0,3.6493784552455817,Normal
M03,Morning,MAT01,28600.0,3.646853146853147,Normal
M15,Evening,MAT08,29446.0,3.6439584323847045,Normal
M03,Evening,MAT10,35908.0,3.6426423081207533,Normal
M16,Night,MAT01,33461.0,3.637070021816443,Normal
M04,Morning,MAT08,32857.0,3.6126244027147947,Normal
M05,Morning,MAT07,32874.0,3.6077143030966723,Normal
M05,Evening,MAT07,32822.0,3.607336542562915,Normal
M03,Evening,MAT02,37795.0,3.6010054239978837,Normal
M04,Evening,MAT07,27917.0,3.5999570154386213,Normal
M03,Morning,MAT05,31410.0,3.5848455905762493,Normal
M03,Morning,MAT02,39506.0,3.5462967650483472,Normal
M10,Evening,MAT04,32802.0,3.5302725443570515,Normal
M03,Morning,MAT10,34978.0,3.527931842872663,Normal
M04,Evening,MAT02,33930.0,3.516062481579723,Normal
M10,Evening,MAT06,30880.0,3.490932642487047,Normal
M03,Evening,MAT01,31180.0,3.4701731879409876,Normal
M03,Evening,MAT06,36128.0,3.45715234720992,Normal
M03,Morning,MAT07,33506.0,3.4471437951411685,Normal
M10,Evening,MAT01,33907.0,3.4122747515262333,Normal
M08,Night,MAT10,35580.0,3.400786958965711,Normal
M03,Evening,MAT07,34610.0,3.3834151979196765,Normal
M16,Morning,MAT06,34300.0,3.381924198250729,Normal
M03,Morning,MAT08,37271.0,3.3591800595637356,Normal
M10,Morning,MAT06,26921.0,3.335685895769102,Normal
M03,Evening,MAT05,33706.0,3.2842817302557408,Normal
M10,Morning,MAT10,39667.0,3.279804371391837,Normal
M10,Evening,MAT10,33788.0,3.261512963182195,Normal
M10,Evening,MAT08,41597.0,3.240618313820708,Normal
M16,Evening,MAT07,39113.0,3.22399202311252,Normal
M08,Morning,MAT06,33024.0,3.2097868217054266,Normal
M16,Morning,MAT05,34330.0,3.189630061170987,Normal
M10,Morning,MAT08,27402.0,3.189548208159988,Normal
M16,Morning,MAT02,35813.0,3.1887861949571383,Normal
M20,Evening,MAT06,34158.0,3.1881257684876165,Normal
M08,Evening,MAT10,30868.0,3.184527666191525,Normal
M10,Morning,MAT04,40958.0,3.1739831046437814,Normal
M08,Evening,MAT04,34984.0,3.1614452321061055,Normal
M20,Morning,MAT05,30736.0,3.1331337844872467,Normal
M16,Evening,MAT06,33961.0,3.118282736079621,Normal
M10,Morning,MAT02,33945.0,3.113860656945058,Normal
M16,Evening,MAT08,31514.0,3.1002094307292,Normal
M15,Evening,MAT10,27364.0,3.095307703552112,Normal
M20,Evening,MAT04,32280.0,3.0916976456009913,Normal
M10,Evening,MAT05,33550.0,3.081967213114754,Normal
M16,Evening,MAT02,40075.0,3.0492825951341236,Normal
M20,Morning,MAT07,34527.0,3.0410982709184116,Normal
M16,Morning,MAT07,34022.0,3.0362706484039736,Normal
M16,Evening,MAT04,34358.0,3.026951510565225,Normal
M10,Evening,MAT07,38223.0,3.0165083850037933,Normal
M20,Morning,MAT04,33547.0,3.013682296479566,Normal
M10,Morning,MAT05,37068.0,3.013380813639797,Normal
M16,Evening,MAT10,35497.0,3.0058878215060427,Normal
M08,Morning,MAT02,39450.0,2.9987325728770595,Normal
M20,Evening,MAT01,36037.0,2.994144906623748,Normal
M10,Evening,MAT02,34304.0,2.993819962686567,Normal
M08,Morning,MAT04,42370.0,2.9926835024781684,Normal
M10,Morning,MAT07,37306.0,2.988795368037313,Normal
M20,Morning,MAT06,32008.0,2.9680079980005,Normal
M08,Morning,MAT01,44105.0,2.965650153043873,Normal
M20,Evening,MAT02,31712.0,2.9578708375378406,Normal
M20,Evening,MAT05,31839.0,2.9523540312195737,Normal
M16,Morning,MAT04,35782.0,2.9120786987870995,Normal
M08,Evening,MAT02,37244.0,2.9078509290086996,Normal
M03,Morning,MAT06,33109.0,2.9055543809840225,Normal
M08,Morning,MAT07,29351.0,2.8891690232019354,Normal
M16,Morning,MAT08,27825.0,2.87151841868823,Normal
M10,Morning,MAT01,36963.0,2.851500148797446,Normal
M20,Morning,MAT01,34578.0,2.8486320782000116,Normal
M20,Morning,MAT10,33347.0,2.839835667376376,Normal
M08,Evening,MAT01,31493.0,2.819674213317245,Normal
M20,Morning,MAT08,34696.0,2.8187687341480285,Normal
M16,Evening,MAT05,35171.0,2.8148190270393223,Normal
M08,Evening,MAT07,37460.0,2.7976508275493863,Normal
M20,Morning,MAT02,41299.0,2.789413787258771,Normal
M16,Morning,MAT10,34868.0,2.7847883446139727,Normal
M08,Morning,MAT10,40416.0,2.776128266033254,Normal
M16,Evening,MAT01,41685.0,2.75638718963656,Normal
M20,Evening,MAT08,30630.0,2.739144629448253,Normal
M16,Morning,MAT01,32693.0,2.728412810081669,Normal
M08,Morning,MAT05,30826.0,2.7087523519107246,Normal
M20,Evening,MAT07,38363.0,2.6953053723639964,Normal
M08,Morning,MAT08,30373.0,2.6668422612188456,Normal
M08,Evening,MAT06,34149.0,2.653079153123078,Normal
M08,Evening,MAT08,36223.0,2.6254037489992545,Normal
M20,Evening,MAT10,34698.0,2.6226295463715488,Normal
M08,Evening,MAT05,35225.0,2.5379701916252664,Normal
